0,1,2,3,4,5,6,7,8,9,10,11,12,13,14,15,16,17,18,19,20,21,22,23,24,25,26,27,28,29,30,31,32
-0.2858369107180119,-0.7834560520497923,1.0090754661922448,-1.638629896141988,-0.9808558483824411,0.6314071437817015,-0.3798726921153197,-0.5314158114310713,-0.12363156432214918,1.6176506949916436,0.10459794093867517,-0.10514071832030254,-0.8647376981745393,0.6536546496777592,-0.643241455118125,-0.617845859277742,-1.4307705632155958,-1.10013338378396,1.2933385736142735,-0.2746993728802494,-1.069883910737223,-0.3156533051347727,0.5994800764846038,-0.5643573314248376,-0.7356108952687975,-0.8793025062362649,-0.14355615652381223,-0.6795502964841624,-0.012093379711433223,-0.6557029925698773,-0.1815166716545958,-0.19220220014686656,-1.0298603474834676
-0.5843040961796429,0.39912801361041816,-0.14406796452043094,-0.4394929178763427,0.14877117313539173,-0.44235209042241125,0.29368777552656045,-0.2637875730868448,-0.08295375240610278,-0.07353387081864692,-0.2561607633076564,-0.3126964501356318,-0.025131209228227265,0.0561614668558308,0.22644639470028993,-0.07617172299076895,0.004435704100071003,-0.7006923560270296,0.04186645875663084,0.1289345056255316,-0.6419624092778745,-0.5640707848912456,0.22158478037340829,-0.6776784718589229,-0.01352626004988688,-0.6210972911962839,-0.3101097983291728,0.05275157805598462,-0.4889713295098489,-0.640093135334681,-0.5393312290993189,-0.27045085758023624,0.07379147735684796
-0.23091398189700968,-0.25473901877329225,0.006579397475758942,-0.29408260255329255,-0.30510460639486514,-0.39692799025402115,-0.5911620765784523,-0.12605629998492676,-0.28928529363797,-0.1794107180249728,0.043034197744745484,0.1733170496119253,-0.4487424238764965,-0.4944522795492702,-0.3127330183802515,-0.1417563668259751,-0.8032510470602224,-0.5441507343922578,-0.548393401613137,-0.1943118405329332,0.11280256381633443,-0.7019239463865777,-0.2952119810592996,-0.7685741291367445,-0.4529142155665259,-0.3118489922697125,-0.24737804637527006,0.00064911802956774,-0.1814182600261131,-0.890163580670808,-0.6190862580504941,-1.078017765368353,-0.2361098374490153
-0.46283140783941723,-0.4636120504287307,0.060527075746850706,-0.4949258406006608,-0.37137206832704117,-0.10621686445397294,-0.08182530761562647,-0.30242978576289364,-0.27579106670947867,-0.2773210682564483,-0.243605158798867,-0.033299140072232905,-0.5742373288756263,-0.4116378250467368,-0.731515178756971,-0.24096188675988792,-0.41999920807278746,-0.16940931530585748,-0.6314600526936641,0.013593103695822614,-0.01989515865320977,-0.009530315268765377,-0.3831592969056126,-0.7702051824755706,-0.5659828180505833,0.11354128822535058,-0.06009644632463416,-0.6620637659423997,-0.40558177354897285,-0.610974701680374,-0.5056954133282936,-0.7926815458598034,-0.9018202890410091
-0.24131986844508765,-0.5801597872580051,-0.12298559617517106,0.10931527191328948,-0.5939882458280609,-0.008644488917969949,0.4736732637130732,-0.33837868702995133,-0.29628598562592134,-0.21624926093477997,-0.40283669803562505,0.055324904519176904,-0.6617354514172068,-0.24115423722054916,0.032291570558648626,0.05011681944235856,-0.1464975282417483,-0.22608444977184622,-0.6387767517776473,-0.8572541593432049,-0.27077716189609685,-0.288627250055844,-0.8113651908702072,-0.9576700696471752,-0.8419586024055263,-0.6293410769459584,0.22045552044178515,0.014941061855488514,-0.16504085440829633,-1.0095856335996316,-0.23239483735876862,-0.889455904993891,-0.2807209619743083
-0.35788134137886096,-0.5906842185254314,0.2728256576134805,-0.6198186531375571,-0.016862558217521008,0.5210708514717876,-0.5624493629756478,-0.031161009271147885,-0.44857636538325185,0.045348204286282244,1.2359945736431261,-0.32894504636708366,-0.33233307215499897,-0.5776195846177631,-0.8934480706243717,0.15459949485570174,-1.2532046650605424,-0.41063970415099954,-0.7297467752638379,0.3126685967033739,-0.5610933648752503,-1.0371912731273691,-0.4005632831413691,-1.0427459655090987,-0.6307042168196105,-0.19235151870234313,-0.2725098247098511,-0.626636120606246,-0.07859670831505879,0.09785970268053881,-1.006542775451675,-1.0239301201826678,-0.4960202321571408
0.16017596513187457,-1.0484320128096596,-0.9726837347732226,-0.5190687140140339,-0.47916947784459024,-0.15980167544256144,-0.4371360894236549,0.6874239456397707,-0.35762492431444143,-0.1576138098049336,-0.6648801668781609,0.034030324877579454,-0.2294987445948836,0.6103465685957171,-0.45929601396827524,0.18950834866654565,0.08707064569376052,-0.38089219539049307,-0.7612063932291879,-0.6842681858283506,0.3240731448231435,-0.48568655865133736,-0.16397334767525415,-0.6523683848848808,-1.0430645002878902,0.03996548601465277,0.18729125358363072,-0.3120980119366625,-0.6679945669422476,-0.9312743410955521,-0.37651589072085306,-1.293471765760092,-0.3161987346877214
-1.0719167273319261,-1.1197127268068618,0.11034988682127539,0.2227023066705232,-0.4049763587573154,-0.09887040744846409,-0.154654433329896,0.05330735534550985,-0.4109751770592955,0.008959822594037012,-0.2713231820259338,0.43634511932218306,0.5738635564956049,0.34484396274474044,0.31100762101271945,-0.009198702475271464,-0.16813426304924559,-0.5682504193158199,-1.0018573805879754,-0.9062919320377755,-0.7272624586585799,0.19084817764886147,-0.4405384628276132,-1.0106465472343318,-0.17886267454769775,-1.1491302517555875,0.06133694782887777,-0.48135945064447133,0.2215936763394676,-1.6022209658980855,0.1057223765981575,-0.6678460099926801,-1.3288020008874606
-0.8006335834598806,-0.9782270007959948,-0.23345404297715944,-0.4363589857345126,-0.7673901489632466,0.2458373768392547,0.21827322527447662,-0.1222772852285172,-0.7286351212038364,0.2366362834490985,-0.4698648555204001,-0.24303792752078196,-0.18243235485564577,-0.29306111801096535,-0.35517686852424396,0.30605242479524913,-0.44627142297010514,0.180242409615161,-0.3986995278554215,-0.3139077569698387,-0.6349453767813437,0.09063234298149532,-0.15556795506408286,-0.8470150277523452,-0.44048519085051685,-0.5464809379323409,-0.3410396231007124,-0.443390535483089,-0.3238724949761154,-0.5691793645416419,-0.4264763507326369,-0.7555650165474377,-0.7497523829640003
-3.028036886264665,2.95925170649086,-3.90845479935399,2.228793891929549,-1.4752510047852092,-2.1138538446200217,-1.517999789812149,-0.46106617104882536,0.39999828326119063,2.0706378130164222,-0.03375951069710529,-2.7826090261300176,1.8128710397355126,0.8286706103201514,0.6762884084350845,-0.25191265582008415,-0.4122081640039136,-1.3114348209563653,-0.8937107433182405,-1.5638975452222925,-1.5284726033071379,0.4375126649525306,0.1767089554536296,-0.9176823534095908,-0.21864614501095944,-1.991016883046586,0.8000811644825593,0.5419601351382806,-0.33176911648864404,0.7738213110386423,-2.7096170930230374,1.2585219685733653,-3.954882500362174
-1.004851853818221,0.7474223360384445,-1.1076191079534448,0.7127692320155098,-0.24990710236188568,-0.2827497687562233,-0.756678778526859,0.05326951348100883,-0.5579640451109827,0.4411695021952618,-0.06744388344475813,-0.730052683900908,0.3935673041366068,0.007575130348113974,0.44375833866357306,0.2118132941944745,0.1685167354472727,-0.6339776145034979,0.12275267370288147,-0.2594303582415206,-0.828948325111413,-0.0829313525292224,-0.2624178238537668,-0.2843006976730916,-0.043773929410353844,-0.6363323846259874,-0.042875056724822884,0.35110328144441993,-1.0607467984623675,0.17404908448451042,-0.4658126247510704,-0.4895034992844716,-0.6760682601614624
-1.3636671362005555,0.37486375419623813,-1.2902519482803785,0.7758601813236587,-0.10649199494786751,-0.35784443020063567,-0.7616331588250477,-0.204471636743608,-0.5504297100032566,0.6954976400600608,0.28324126513523673,-0.8337517615466227,0.4723359538290342,-0.028575431425062057,0.6729824048826838,0.053390161404169766,-0.22719134708574792,-1.215795591543612,0.3196031959874386,0.057022101059190096,-0.9079798084703031,0.03716826642215723,-0.27724368508630837,-1.0447577567585409,0.3918264864083304,-0.6436148166851283,0.7036502976531471,0.550333218915057,-0.5249084547045585,-0.09154014115170668,-1.5477516433842382,0.20350964229969692,-0.8987585040674951
-0.7791714934870552,-1.131112612857172,0.3050985773178067,-0.9046044662964638,-1.1514101291259649,-0.5041320358908306,0.5727887641058921,0.2974085910659836,0.18437885783012084,0.0989555821676058,-0.00733030817624027,0.5644433429254878,-0.09481322472973805,0.19107323330410816,-0.9028542704567922,0.21701032877868612,-0.1630661348945957,-0.815729839515653,-0.8994176511811357,-0.6434004130950476,-0.026379060156210093,0.08972912996173361,-0.30251438166083333,-1.1531823604926186,-0.7968193292169244,-0.646429135040531,-0.2909085586076878,-0.3327508295397192,0.25539866829788693,-1.3300336063545246,-0.6927200783664033,-0.4057783910469726,-0.8963745476194244
-0.8223805320130465,1.2223122498346628,-1.6166822715796458,0.8665540578681675,-0.5893751893583397,-1.1046726762754937,-0.42340497416417733,-0.5824985794286293,-0.19800820187154106,1.0032629969061229,-0.006490510832496974,-0.768215639087948,1.6582788601696836,-0.43303967668923093,0.9880823207448136,-0.24967344996783603,-0.4362883935950372,-1.0246338522174843,-0.24025911427774535,-0.49653003895654135,-0.9600370915689251,-0.5563084110472087,1.263244885775366,-1.272434744308771,-0.06810605274422316,-1.491144826885961,0.07212894570202455,0.7886804660151908,-0.7063860743970433,0.752562906567075,-1.8480297401253283,0.38830802945713805,-1.2511621015122494
-0.52941206793638,-0.9342582032219616,0.3385458962466997,-0.2936266735235003,-0.7657895477145179,-0.12629346322341212,-0.05841962376009234,-0.07679483344481484,0.030474089209378444,0.29370807222436934,0.6073822208514092,0.10048961249716991,-0.39437396135791514,-0.24752807659193288,-0.2216791620554378,-0.0016606374405087093,-0.3863905826682442,-0.317740302555443,-0.06470078572983097,-0.5967860826705059,-0.14947034213320992,-0.6152800090122008,-0.4101676806614211,-1.147756868590503,-0.8746215816071881,-1.0141155246936195,0.2032592864820207,-0.30944479090948945,-0.09985008250565383,-1.2347644881290825,-0.15070340643863306,-0.8917046953389369,-0.9473134743803527
-1.1339278731252784,-1.0901859874998678,-0.36639249928941725,0.6012309644400162,0.3878725562192883,0.43558973399196194,-0.5436106910063887,0.05948158741105207,-0.805275346126309,-0.20909493207153154,0.33127906897869724,-0.19455590419544405,-0.6195179454814439,-0.3350037830397129,0.04525408308852703,0.5609386720435603,-1.0775287127137811,0.002056519835550473,-1.074972328622489,0.4197345999970475,-1.108723356414147,-0.8312894306612139,-0.6001394844400899,-1.1276106584496066,-0.5241212949434554,-0.8415293240010872,-0.00979087081697673,-0.622816020173003,-0.09426160263486354,-1.252553258103836,-0.6964388730176531,-0.29880260313550144,-1.0487305969674536
0.18915930818844884,-0.16776748938820402,-0.4835423846436576,-1.3259041019230595,-0.02774541400741202,0.4852939050330053,-0.37212067655375203,0.1230438529588921,1.2215788611535874,-0.7245168417788047,-0.3309042453901693,-0.9339068004099933,-0.959470930437071,0.14315240417653846,-0.5759288256423982,-0.1820445025988173,-0.4053225665886287,-0.8309959989574386,0.3384807373688982,0.11467516581988026,-0.3837171467043086,-1.4750547463600252,-0.7450140230766968,-1.139954935692831,-1.1145160727146763,0.6266229703983188,-0.5319517750363395,-0.915454891072067,-0.8652463129811234,-0.34712536494668933,-1.25223945649413,-0.23471621351233654,-1.2441310404518673
-0.3707515390160609,-0.8511545019724713,0.09234584065062683,-0.1556763236736653,-0.3723112458580587,-0.34159585180849367,-0.0793193082026223,-0.3063315177074066,0.1703585898829844,-0.5851813041570616,0.40828235535504753,-0.2435274822208853,-0.3376665301227942,-0.015470044438597853,-0.63276732381908,0.24924627790138654,-0.2524082629362812,-0.18818831132466526,-0.5009865259946203,-0.06223179847552946,-0.4014190296210871,-0.756339607396437,-0.7989540043788604,-0.910882266399625,-0.8845361080418046,-0.0782377450048457,-0.287581782812331,-0.4934064982923113,-0.03258647156992179,-1.4260133758844558,-0.7178709166489872,-0.4327183935986411,-1.2711975038781598
-0.00527112111012988,0.34808369028494957,-0.8895306183348018,-0.31506802182500737,-0.24220438616707654,-0.6580729250017789,0.3889530318605749,0.16042625855691195,-0.11940212805531145,-0.05346462062192531,0.1853738948449283,-0.24975317399852806,-0.43010444555566746,0.24502859036798375,-0.35039115286975325,0.23105955337780676,-0.5167110252050098,-0.9100364886487754,-0.20829154700785596,-0.4814573534642734,-0.7786156518477165,-0.10765430287108224,-0.3250288288303865,-0.7535713212990816,0.02740811560090066,-0.9487653927841097,-0.543435789239514,-0.5259431141551965,0.38276567972970804,0.17970463851992471,-1.394172018429621,-1.9093032918072912,0.609700393829438
-0.04540688272003781,-0.5737313028999741,0.05773388753615258,-1.2199038494887804,-1.2209892181977062,-0.24556160205205232,-0.33962319253683954,0.06494730604948407,1.490720743910596,0.12674443735424584,-0.4424415833835918,-0.6358299202309768,-0.9335419835260363,0.038347857492539834,-0.7872837680251575,0.4466815934495758,-0.0804796135206137,-1.7349830330489922,-0.059380244715929675,-0.4870399179362697,0.459901556141105,-0.556744595977535,-1.0220238891885827,-1.329080237981233,-0.7754275342003741,0.43633198901960596,0.08065406610686703,-0.80158295207425,-0.4185849869257977,-0.2249292201609981,-1.2447925538057374,-0.6498724347789198,-0.9251885362338974
-0.3698554900782479,-0.8191047791995859,-0.5134201127507205,-0.5472301604281099,-0.44975474777972585,-0.31225044683537606,0.2524775584227221,0.4528075229478153,0.13280649234408518,-0.43940646547934537,-0.1368181734211495,0.3344875969201032,-0.14078439883781182,-0.004389900662263965,-0.0473822016834683,-0.21189353478664907,-0.3009919632026552,-0.17714560638107965,-0.4132695733741706,-0.544507903887091,0.04421415000473289,-0.002486377242066163,-0.5316000195980483,-1.1117352733718098,-0.5688002286899165,-0.5422096006631513,-0.15614037420424015,-0.37837741953598214,-0.0669183358620057,-1.426723571522386,-0.5105735029780504,-0.76928210775964,-0.3809913832970685
-0.7358108010388577,-0.8143830416651685,-0.07870148845774842,0.07030969710671196,-0.5371603681099751,0.7489253857248336,0.3236344809010174,0.44220419899762614,-1.107669895480034,-0.5107052158428457,-0.14596432703683246,-0.08515123942059649,-0.2099937229688747,-0.4744799657162739,-0.7079773683326044,0.45616502670506975,-1.0542459502567259,-0.08397433570991174,-1.0285080397389101,0.24649907304242236,-1.3118603132167725,-0.7117023027969017,-0.5261807706555405,-1.1971662312583833,-0.5634072087707717,-0.8411801899433045,-0.3459352182237568,-0.15767840850667073,-0.04979419579244577,-0.7154293045829424,-1.199893882157357,-0.2997763639376999,-0.9143634490982077
-0.18340885832255543,-0.6343206792639986,-0.34171080390240477,-0.645547356558618,0.11830079153476548,0.1480505795079603,-0.1437125716161041,0.5332962680723209,0.17724521695039333,-0.30585138084639,0.0006448297229560101,0.17418810435480547,-0.47576730778154747,-0.157107997922623,0.12836048012828896,-0.14156616475311642,-0.7326824595935232,0.02603189552956792,-0.4678386249604518,-0.6452816520106432,-0.33775911253953617,-0.7477884157496805,-0.46468932076874225,-1.0353861886116484,-1.0305264981998745,0.19514038181022045,-0.0020209759866799105,-0.47654387208666454,-0.8198831642417473,-0.8525121113883418,-0.39480187233977987,-0.6611752679323178,-0.7719236924350921
-0.42591565524162905,-1.149986492835744,-0.7260800815047551,1.170373504294343,0.16147938567071946,-0.7635371029862968,0.07555171019911806,-0.4010060520277866,-1.183431935880975,-0.6670344794978569,-0.25644082933983886,-0.1174260954336742,1.020804421539681,-0.3318207979703107,0.6887382831562927,-0.4425790051062649,-0.6367359658761453,-0.751904436935837,-0.144539172020406,-1.070551705849025,0.9057098309759636,-0.19163056487898908,-0.17260610784604558,-1.2292908898745547,-0.45336970870200655,-1.1337574201144482,0.24883808307911337,-0.43505067016816834,0.4950814276508866,-2.9551679646666327,0.880080702619354,-1.2268137305556344,-0.219388495798784
-0.34298317496531233,0.0342140503002831,-0.22898071970648137,-0.47045387008003736,-0.5128842701635475,0.21565083094843812,-0.3386633193625195,0.7305164691429543,-0.38473285633517595,-0.22282938943106906,-0.4449112321534189,0.15746891184906256,-0.05304313317895819,-0.01283617029986276,-0.43517163293355665,0.08868971547128902,-0.5382687910379095,-0.5685102574033863,-0.568140048877582,-0.197581846912277,-0.9507350023803081,0.18293647577905223,-0.17254404332997564,-0.9371104101727215,-0.2848483187832747,-0.38423081520612395,-0.474724621643658,-0.6228016184188588,-0.05941000695758955,-0.09992668398221573,-0.9693568691562384,-1.2725637913794345,-0.3423023900110368
0.6020475367161404,-1.0522877458155129,-0.6537048311210386,-0.19522612014692478,0.7355792436034985,-0.7353266189405849,-0.9726861677804414,-0.4982839780161113,0.486670844330494,-0.5398114264194505,-0.08837735717925986,-0.9709856966880045,0.3966944791495309,-0.714599162658691,0.22545026528594028,-0.3648323165263381,-1.3113512744728326,-0.6774308234858156,-0.46542631855299965,-1.296665240676319,0.007329905568271933,-0.8258365212942391,0.552039861498106,-0.08664040488016593,-1.6348881543972547,1.1249509086922935,0.14968376165813543,-1.1312005631511735,-1.3231586189992584,-1.7898853640523575,-0.03484153712637254,0.06426016314275364,-1.9531120902994434
0.08699994698134927,-0.10686226025327933,-0.4491481555360526,-0.8858340676221346,-0.2674642673155494,-0.12383768646975565,-0.6412181791951033,-0.48321869610072227,1.151195643352188,0.03490321417585569,-0.8562854971724675,-0.4076570715468075,-0.19798125913053327,-0.14966662450903137,0.022310649852198546,-0.38964379541851607,-0.4894502389781426,-0.8001730102065907,-0.06717258248477363,-0.34905506285993804,0.19613647721075111,-0.23350720663615612,-0.3979986311514046,-1.12854598015516,-0.8046129300781012,0.5446074263200098,-0.43619572300801673,-0.8645584546013251,-0.8610623822411332,-0.5592349793624873,-0.6385897926338284,-0.4268405733960813,-0.7877878142183198
-0.06407276395333572,-0.8872956489874104,0.01851193456373635,-0.6875007698418661,-0.5342502281094889,0.11667163548330338,-0.2402797543885581,-0.18698419561848298,0.048411211567808754,-0.5344920561451777,-0.0031537722066768735,-0.1354897441235455,-0.4118189795569973,0.41022585492777786,-0.5379591375797541,-0.4168654556244636,-0.3714770639844473,-0.8945913785923154,-0.9813205101287634,-0.3399888016511353,0.062287727293818984,-0.3853895073476548,-0.2757258889057885,-0.6683181849736936,-0.5039820806880883,0.13783590078541022,-0.26883887704807236,-0.3612623708954134,-0.15998065699034247,-1.2943164786363912,-1.1493585955388197,-0.6910515949832066,-0.9052414998834194
-0.22434594267811367,-0.2684085431998203,0.2871916371850821,-1.0343402958457428,-0.4986446361182611,0.7061686217928762,0.08159185586675179,0.4437549594547563,-0.12564721110487356,-0.23497182674927894,0.49407212088397595,-0.4144925250948058,-0.74916147901103,0.37000521768870975,-0.5486112204647582,-0.47733038559620433,-0.838660529633896,-0.3219274930604811,0.3256121559726378,-0.085255508828724,-1.011874106032527,-0.9952902601846987,-0.17283532029779947,-0.6574108483645079,-0.8340794158873386,-0.10234985218892181,-0.4315637657170761,-0.8481184025252917,-0.2169770595533015,-0.6159731571776413,-1.0435526535558248,-0.6922282841266186,-1.055379574034599
-1.0551914329650798,0.38149953704750666,-1.8197216398733596,0.9491503629397494,-1.0995371513257304,-0.503076690457279,-0.4951122611350294,-0.5531921771814854,-0.46522901476671075,1.6234246666624945,-0.10225190340792195,-0.189892772624838,1.9049793850151824,-1.112354476098131,1.1013087910629247,-0.043409627315317736,-0.6939381782728505,-1.4823426595580664,0.04824395220573467,-0.3765796595654567,-0.9668251303788717,-1.4729120839173613,-0.203349401239902,-1.4250030468923716,-0.1254771265745397,-1.592896321895054,0.4677739113096723,-0.4049284865647087,-0.30954412266110276,0.7725901117861649,-2.7996508726326668,-0.35482127891238824,-1.8380045025639962
-0.5880017823449355,0.7181155692790797,-0.869296049186705,-0.01564520072946029,-0.4618517225847,-0.3005059867728469,-0.4869183603472009,-0.6171812507823471,-0.3586312181631651,0.3705097679733134,-0.5106879022358828,-0.6914412663963571,0.6437801409581008,-0.09725376551602999,0.30221056480687736,-0.2621911579409073,0.052674885985590766,-0.1465398042156408,0.31977489124382424,0.011550405963008437,-1.0477699278632016,0.31716880786856816,-0.029796059533385776,-0.7041921514538404,0.2635017193876694,-0.3054352173191154,-0.05134928333725461,-0.33427243914571203,-0.7026896531760013,0.41868578599078904,-0.46629086490103944,-1.4971635525016154,0.2647285624936392
-0.22113928238765515,-0.5711458139983724,-0.26589785397333343,-0.2706928349951371,-0.5093463470632019,0.29816458084615705,-0.0684999393976036,0.23749220985699848,-0.6182969078798896,-0.19091230200269596,-0.5391299782249604,-0.5415299594451047,-0.15660956111759342,0.12957196485883166,-0.34241187920530214,0.08866742956639856,-0.5575283935523144,-0.45202076580950495,-0.9854574179896943,0.1126385112131735,-0.481683694141942,-0.20038470667357192,-0.2789353489525807,-1.2519044491011349,-0.5703332986978561,-0.5069260341276864,0.09213738489061185,-0.26549516816770885,-0.05683964560993698,-0.6146224756642038,-0.29808608528328606,-0.5108995251714877,-0.6609034797686905
-0.21434011144510973,-0.26089326923355527,-0.3369935714365281,-0.5073573393657674,0.058124355240350374,0.2268336272851542,-0.40410387379018947,-0.38776875020437734,0.18181605824196898,-0.48413548872586293,-0.4343212707347353,-0.11411071082376976,-0.25636302502106195,-0.4176841018138105,0.2733866176402464,0.0012490009319385182,-0.7820336551296593,-0.4984838076915127,-0.008900506565974905,0.39609795288747346,-0.4327754254689438,-0.5754405098407628,-0.10089813993114846,-1.2462546039949132,-0.1587805820569114,-0.9426534645155724,-0.1641270996883141,-0.2932053234632115,-0.1951197634311621,-1.4450164236883343,-0.39899579074731883,-0.2622257634529031,-0.887720669164787
-0.10070514476960284,-1.005375713358875,0.10642697889443067,-0.676457534509178,0.13409599343511186,-0.054311674803624484,-0.20240395821593715,-0.43317104783273835,0.1909676020208809,0.5344634343187881,-0.06574757320597842,-0.5589005123081018,-0.15082389984602018,-0.02029405284536941,-0.5900659080961356,-0.04394391275334152,-1.2317260232470408,-0.2944876192039276,-0.14479866827352922,-0.3818938711416873,-0.2717959525299294,-0.8782012772417814,0.2369091011263927,-0.2160043101570056,-0.892283556919797,0.24063503019395027,-0.13978929579888394,-0.6890282277869506,-0.6132715695690909,-1.1427767599553829,-0.432108649795136,-0.837924490553852,-1.3593697376086606
-0.16451813756210962,-0.9770608795434019,-0.44396933236597286,0.1300154794109865,-0.1658154774664502,-0.5586138158506857,-0.41704947043714624,0.9083253582814,-0.6399382495328032,0.17507907399527467,-0.2883556699278246,-0.2743714840246975,0.1963613805400518,-0.39944006063335025,-0.5174068210064005,-0.2453330726970862,-1.0470432871429,0.2573267902995834,-1.1535733952976248,-0.4320749117335756,-0.32830708162085015,-0.09261022978399862,0.18130880659652387,-0.7523460261920879,-0.5811826893315234,0.292671266607088,-0.6439995137767327,-1.0605885030798536,-1.255859685145593,-0.8282258835356248,-0.3181671340498809,-0.2537924054371825,-1.0662282543304784
0.14426673454665492,-0.8714730125734408,-0.48866642808731137,-1.3738805536708123,-0.2509742526859646,0.012153542323603118,-0.3667269351266447,-0.0990015717807734,1.2990793941677088,0.044805771015226835,-0.02618124003777837,-0.9916732007840616,-0.7462533537792179,0.7537259527629393,-0.8616998274949098,0.25560271273060103,-0.40192191834698077,-1.5015213455912848,-0.08128552833459991,0.07420558073479147,-0.2608776025345156,-1.2874929644060047,-0.7184445165808924,-0.5556675982265528,-0.5939205448377807,0.664903603050841,-0.5634835500840837,-0.8847270455666197,-0.5186080483565823,-0.23550973996767358,-1.2448919098554065,-0.9063465683889309,-1.2171892447721118
-0.15203670870604793,-0.3029418064947625,-0.8024441599147321,-0.4014941198067902,0.2058059358941258,0.04035153861728527,0.4036364548471733,0.5500808377682586,0.05635266512956315,0.4092467019956963,-0.35619279524688974,0.05642576695036177,-0.44476116311387315,0.19127241083388563,-0.5040979982376175,-0.42812993459008397,-0.5756384454694254,-0.25338492423314746,-0.6332790408632818,-0.8168111130322064,-0.2936179535866544,-0.37985714480609,-0.4844996512669779,-1.207680845134782,-0.8157422436662212,-0.37447077116282135,-0.4522263255584328,-0.47741326192400896,-0.09401113740627641,-0.09330231553737957,-0.3906828331866778,-1.3106401776899836,0.16328425138843877
-0.18808890099349695,-0.41546697229573326,-0.2603500522126828,-1.0033375649177294,-0.17152369699590556,0.05367741708468078,-0.21789753143343357,-0.5430835076282776,1.3689194439686363,-0.3640033063164159,-0.15932549160750628,-0.2604050133522609,-0.6466576994858189,0.34978779627220874,-0.2987317963764691,0.6651471758890242,-0.5132426470564957,-0.8924711831533065,-0.20901797304454361,-0.005893854554281149,0.4702995912774746,-1.376505863840518,-0.6746096036859777,-0.5826191005017558,-1.208565956773801,1.694802524077145,-0.30149740321835,-1.391178598143598,-1.9868720725706979,0.1429474037692816,-1.6434122144802494,-0.2779394808229203,-1.6753422970619016
-0.2750180102188327,0.5712705957918525,-0.7054246207374336,-0.07926868059689071,0.3737413926575263,0.042183813806130094,-0.1577131508991083,-0.01993258345872363,-0.011431233764476908,0.029043107325935947,0.17591435571326594,-0.4214099209364779,-0.3580500300228385,-0.328288017669857,-0.24356407887905254,-0.29466969225326584,-0.7743574381008212,-0.3988119296054779,-0.5528843013996696,-0.2403333305596757,-0.3984769703978569,-0.20722477613377877,0.1843931424806346,-0.7776342229182153,-0.5205859933924721,-0.16873111630236354,-0.4653856789995902,0.1478531743287006,-0.18271701439016624,0.19439346627359874,-1.2969366386393946,-1.4088378195189952,0.7169618751886043
-0.4372054745875847,-0.45728244995636397,-0.2911958056180614,-0.29102039394154067,-0.4949885508484093,0.30252791186385364,0.07690591263684234,0.09277009096719928,-0.2600422488092581,-0.27368430223997,-0.2056999998417981,-0.08525531827445146,-0.012609606720853822,-0.50410145315508,-0.2856500141875016,-0.44691608167084684,-0.40809011557700936,-0.29807110331827347,-0.961943269629745,0.19632338974101596,-0.11811335422599466,0.12225773866216896,-0.6058246135011736,-0.7970748998732955,-0.627744121969464,-0.6833779667166728,-0.18286227041077507,-0.5041868463443187,-0.30195955864819735,-0.6563686749545131,-1.0235174081289131,-1.1778071986319305,-0.30841862262158815
-0.40058695900695956,-0.3840972578937698,-0.18914697519792378,-0.9830178959869258,0.011971697481229813,0.05464953682492959,-0.3057679951070932,0.2611835424960241,0.28233708803305063,-0.4962114742339513,-0.06851148891782981,-0.551119971291562,-0.08858250600163707,0.026684371414911347,-0.4183098760984972,0.020338556250932616,-0.8108473435300447,-0.49836938238508594,-0.24250490890300663,0.09529924349124184,-0.5932608543700222,-0.6591397565498118,-0.16517540460680769,-0.9191720834440986,-0.7822319053404644,-0.08311135042018823,0.11302007426197012,-0.4349598905928783,-0.2804849136800335,-0.5661538551636971,-0.44633239275268843,-0.7557986894139807,-0.8175302884871078
-0.6444117594906381,-1.0049681980771619,-0.24546510258606064,0.7545882159579186,-0.6519289318042898,-0.37987558193391185,0.8679717386638495,0.10710535180727955,-0.6944939321952273,-0.3035212980979235,-0.29790684248906724,0.014026858851547405,0.6130776248830214,-0.17722258399259003,-0.2864155484085634,-0.2586331862615131,-0.40458111382762174,-0.17484851261809936,-1.2724416426442209,-0.3767629379398363,-0.44147490687938296,0.5687049359372276,-0.6087248102715361,-0.5125289184395122,-0.4090131818636474,-0.9319381148107907,-0.4090366006776866,-0.7491924063509229,-0.3003286576828661,-1.558901113648782,-0.35313455231636226,-0.8581476937380643,-0.939232619223498
-0.2774423464923022,-0.7051156771404589,-0.013665966503916807,0.10839897539806803,-0.41211150608572283,0.09177181713386441,0.4604352073864176,-0.3200726746511321,-0.44550636249267295,0.5398622106387132,-0.052638844464726955,-0.05206815478114671,-0.34278355282038003,-0.284342225876007,0.003987636298412225,0.30022234049341995,-0.6424010189115826,0.0032587679592631256,-0.6763276877645132,-0.3064104895910182,-0.388868430163598,-0.06570380778485561,-0.5659548939650536,-0.6997221751181033,-0.1906643576449925,-0.5592285899971978,-0.5221223979330988,-0.278357849972061,-0.5793111149981981,-0.6185889882107032,-1.157773589207139,-1.2632367233247639,-0.2737701395962027
0.41245089299482424,0.04928183289271701,-0.2896040543153709,-0.8609406810229011,-0.48175334289221616,0.04552058529344917,-0.4820837752533398,0.35824992783955434,0.7784046040115712,-0.6630474449173356,-0.34164929513895587,-0.6952754733725466,-0.6280525705129616,0.5826047905733963,-0.793479125852158,0.5394689462967186,-0.1520951157773996,-1.3170393619962104,-0.3316202423869569,-0.20688873900741334,-0.15388662628609914,-0.763615747347937,-0.7026604701579839,-0.5680709245007833,-0.46025153024531035,0.3762547761300987,-0.7485262324646976,-0.7962212188803182,-0.48184907766574425,-0.3806711752176063,-1.2306861531212512,-1.0797739163031206,-0.859747586417697
-0.8671617408578771,-0.7056048807437963,0.4436393005259657,-0.6526490979955046,-0.568886208689873,-0.4715204730833097,-0.09402521527751327,-0.27749863188819274,-0.5135386331883973,0.6506648743348756,0.49642327257676877,-0.003697043447687812,-0.5181518367458936,0.009406106330122099,-0.44404589154170065,-0.11075830575211486,-0.8558688511237957,-0.2415999216747095,-0.011563372593050817,-0.4198269396734683,-0.26128520619745965,-0.494489556491278,0.46153024225187506,-0.707125758487932,-0.36426502256912724,-0.3478351284080558,0.13024211379837297,-0.695324350811052,-0.32579294721325625,-0.8330254214353018,-0.6576491160291228,-0.8998838763461859,-0.7563558370429763
0.16111280336193917,0.038248137922938755,-0.19991960221198143,-0.09635670602788972,-0.22789542884789835,-0.15186376681780822,-0.3756532253885617,0.6886198861270472,-0.13990665918658726,-0.042142859276943244,-0.47354184987476045,-0.32168202767567733,-0.08671389653764328,0.08945510637325615,-0.39734784209603097,0.40588743801567395,-0.6119087951208987,-0.5436620981565553,-0.5550847043365668,-0.5391245924933862,-0.38531095696233,-0.30448383928986694,0.4218328078579405,-0.45146077883365004,-0.7048099061460285,0.3876269110085797,-0.19672442304454713,-0.39235833764532374,-0.332139426195416,-0.7053138259365263,-0.39489414966705894,-0.9170380587948433,-0.7958521138391614
0.08789868477772729,-1.0731874902971914,-0.13289730905063574,-0.303732630311342,-0.2920393271553545,0.008619780455396304,0.09710300423552987,-0.20151810319900382,-0.19763634873145042,0.4091932121871112,0.20159959971100896,-0.5131212565826309,-0.7955143611725647,0.014600929901735653,-0.3726278571573044,-0.3417847708111255,-0.4394358482540697,-0.318836338276072,-0.6006162886739116,-0.21412700484885103,-0.20633114020348672,-0.8452413939463604,-0.34576765246457464,-0.8892605539750373,-0.5732659657725805,-0.6063902199301258,0.02690259168416131,-0.26378778407107856,-0.02249515768154201,-1.0456849959598788,-0.6613944095712254,-0.8794101353333804,-0.7470325868536195
-0.36280754274732074,0.6897587350415094,-0.502837826068501,0.2996052509574358,-0.5763704297978649,-0.1539468747661842,0.16888290389857524,-0.4786144763850701,-0.7138042820163998,-0.2939451494505146,-0.3575359725345925,-0.34329403369522415,0.42018842593708344,-0.322857062155438,-0.24096093761173662,0.012327322545679672,0.012627799817251479,-0.2903017008328437,-0.549248754808329,-0.22096277747230625,-0.9745099772849484,0.5203942408037443,-0.06027594967702279,-0.6262865149550714,-0.3029268708523968,-0.47585508739086324,-0.24197220428282212,0.11356547494685541,-0.2708143860931017,0.18128150374177338,-1.2204380433160564,-1.714397259809385,0.3824330641011828
0.21190692764755165,-0.6964019451731258,-0.5028311563561058,-0.5855316970097559,-0.32331240270208444,-0.36141332511901214,0.47696106886907225,0.16548570851198577,-0.04393818296021463,-0.512439860469534,-0.4251439111542101,-0.514263121130884,-0.2632598723225724,0.6042923660686258,-0.43029927460789724,-0.2650833855072574,-0.17340636268172196,-0.8036427027047328,-0.763291820693613,-0.22653853043007688,-0.255007937001092,-0.39761096831095144,-0.4923317532146845,-0.7638203358588235,-0.19601565409755795,-0.9130918737535438,-0.2773854110972885,-0.8003211279999312,-0.34330675173233277,-0.37444593689533273,-0.5415273203103657,-1.1582663506732687,-0.279474303368715
-0.04089475493366919,-0.9734100463068223,0.008735021864941895,-0.305622534956634,-0.92148788494039,-0.6614045631319231,0.004808387833371916,0.4004359940008195,0.39028586144218946,0.3750409096922154,-0.5763750493267877,0.3680102353623793,-0.475302086018026,0.220300341304326,-0.07068487198501451,0.5356466267656426,-0.1278654893032081,-0.7481671500576745,-0.753636259446559,-0.8115088868122033,0.5019983158038326,-0.2804406515448124,-0.4690806528022129,-0.8445652915926873,-0.5845820492372722,-0.8519685274333824,-0.45194998493126703,-0.5591007771576945,-0.6981445704993499,-1.0977375089384742,-0.27012474343299886,-1.0721585680612375,-0.8087803214278397
-0.303461113996484,-1.2079633493938602,0.21563504269042766,-0.44670119676886205,0.08518659774104917,0.3334157468145455,-0.4746612061689388,0.42794327084914763,-0.9902040772508254,0.5088666000099292,0.6566353218784802,-0.20235984658354814,-0.5090680396529849,-0.6682377020283089,-0.5913581663146361,-0.1768856175906497,-0.7206830214659566,0.3488285461196146,-0.34500527683230986,-0.3865880195043631,-0.8028851238609053,-0.8305486764410208,-0.31500381326351495,-1.1881056800962988,-0.7681045052586962,-0.7030038931414052,-0.4094819921632418,-0.9163983824202018,-0.08964016849612629,-0.20798425070457036,-1.4409871953108413,-1.4774273993402884,-0.1526982181626896
-0.24800928106041248,0.38335587102633395,-0.4886321538061568,-0.1911383876528158,0.36096405065487236,0.1760765759975071,-0.3045828684470962,0.11003003355555163,0.048861239545105906,0.23563223814931358,-0.15709550803901617,-0.29345022485802136,-0.0786950284566044,-0.5301501864340904,-0.29445502887529024,0.3367520561242881,-0.3830755982236819,-0.3387617644655405,-0.18521040138155057,-0.3280863562122512,-0.37966301175538325,-0.43248993708180977,-0.47079635794018493,-0.8747089728763835,-0.20732047440929222,0.2930544635722519,0.18327109550972426,-0.49534736163753096,-0.23218579765268652,-0.321678857257028,-0.8556727315543734,-0.6484974786388168,0.13297952086441692
0.018762471961911983,-1.1137270992484734,-0.05734813542939334,0.1753109562846173,-0.16596645430939633,-0.40097987384414285,-0.6709330443991878,0.2503535915540061,-0.13081023319383325,0.41406314139199063,-0.6556064834849937,0.04616321782241665,-0.505562523087958,-0.5067814214377901,-0.5775369283751662,-0.3008884479752417,-0.9120934261825332,0.0216887951742897,-0.7786589167135521,-0.9494028874953321,-0.07658911232058584,-0.8930462851792975,-0.6603874155446857,-0.8029929374035658,-0.7504927120367014,0.2589689016275845,-0.19676903612658972,-0.30531490840402775,-0.5661670273538756,-1.0629420069006432,-0.3563632834797656,-0.9576674277424723,-0.23688162002817095
0.13987586514055997,-0.4318539427988758,0.04860029173479432,-0.23535537687222724,-0.031084372678248377,-0.0593192968643877,-0.29710840151907436,0.3201326771943815,-0.2700349917801492,-0.5740312726913869,-0.16334149440733275,-0.5180694472602579,-0.3380006487604158,0.0070848154178768125,-0.3846314291734096,0.4135511713248137,-0.8048421976680564,-0.13500292200165098,-0.8273604297142967,-0.35843517353884174,-0.869464074273507,-0.8426880496940441,-0.46634261496180196,-0.9933316200344122,-1.1323200849491537,0.25601455045552807,-0.5127989107351186,-1.065230190713113,-0.8139672123033165,-0.6026520756431588,-0.24516706902715352,-0.161407977236169,-1.3006735540481726
-0.24445668914818258,-1.0065930130932448,-0.1487125808049857,-0.5051737639336225,-0.6051469054193117,0.08082813584261854,-0.1831090654145325,-0.1300036863120363,-0.5776867512458695,-0.35104793253606636,0.8328171586391155,-0.09161118038742526,-0.7798753707127377,-0.07781968482821312,-0.9228012404331055,-0.32529408685486155,-0.36795002529175086,-0.25839674323388984,-0.8793891980257462,0.32820841391129,-0.24670363078910895,-1.3595927736965348,-0.5523080963931903,-1.0850613754962646,-0.49275535493236156,0.4042180227468654,-0.1440047309635856,-0.7234640203840328,-0.9999233466167021,0.12367388995869999,-1.353188332110662,-0.30177557379650277,-1.3458135153947637
-0.07080799280938795,-0.3628193621600123,-0.8143216016802853,0.7465195480829356,-0.5365034322165976,0.13395682377494572,-0.09891725831172976,0.07993637561874305,-0.8118440087522698,-0.705328048190212,-0.8499394136133699,-0.34284038864583066,0.27159519279300415,-0.022283281546585664,-0.002377152658668961,-0.14880212470853535,-0.39258882045769616,-0.08159167595406258,-1.29541441918641,-0.22448945104928195,-0.6358198875965655,-0.056169132915731806,-0.5808738896319348,-0.7226123918535876,-0.30868938719453515,-0.9416867262996306,-0.4863747256699497,0.2784043070191226,-0.050384651282410986,-0.9173723641977721,-0.3317315189370496,-1.2416553394101217,-0.4338210966571082
0.27614791684886997,-0.15605916883705795,-0.2640569567875801,0.07457158484316097,0.3715741425970059,-0.4007171779964183,-0.24136319024006073,0.0011082879902794157,0.2594658820575925,0.06179270832102059,-0.5969763378121533,-0.42307468526092995,0.04269731912762864,-0.5756272127420365,-0.07485643755606747,0.3737010238384564,-0.7271758019650415,-0.08229437259114557,-0.5231146648796002,-0.668861243628169,-0.26007051501180206,-0.7342890924578724,-0.3104447873953503,-0.5993381744064121,-0.7734941498271478,0.7266345244580774,-0.3122060671036551,-0.7195255349758853,-1.1359735735268626,-0.5863519606401629,-0.12363856075666817,-0.5820107013592946,-1.086778527554943
0.27203056654590335,-0.6285307991767484,-0.4668596156842823,-0.41026418395594594,-0.2023859641775891,-0.19210698551312316,-0.17591550008092918,0.778531719740851,-0.2975599367013968,-0.28937495185980044,-0.6396809160645609,-0.6358862300026006,-0.2654972109367587,-0.04447564254598516,-0.3370532203074529,0.48928482512390614,-0.735524899513008,-0.11992164643153583,-0.649290643521251,-0.595208172411272,-0.37689833689350194,-0.4243281223124888,-0.3574859030080153,-0.9584651127493684,-0.5501204805563383,-0.249713743851688,0.07616098647898663,-0.2316792065488122,-0.2976331880293769,-0.6369187266589621,-0.4832926020753292,-1.1041083431793906,-0.565186653381868
-0.633736660974628,-0.743014644642236,0.2214196379026677,0.17049418492835713,-0.5891143821319632,0.19368146710484138,0.0634600499197912,-0.11891750620834853,-0.6563828665602891,0.27356603254119516,0.22273536977650074,-0.14355275572928386,-0.10464131567392064,-0.2676435166153467,-0.20382449781581716,-0.364696159524739,-0.7945096631919529,0.16414021059689896,-0.6280099208643863,-0.3062887705402132,-0.7648930889343594,-0.06382050253547691,-0.23458775226155817,-1.2253924243313377,-0.8890221728346296,-0.2316363479300378,-0.3852204350034587,-0.13610633013515744,0.10607806308252885,-1.250605683922158,-0.8203663663691813,-0.5635374712324104,-0.6960296940453617
0.01253345824101627,0.04755474873119963,-0.12096471593228833,-0.740056839000711,-0.5326701906217985,-0.35366577193753984,0.09511495409494698,-0.4108870936802669,0.029911784048352746,0.47869868706263535,-0.3746117093569043,0.41059500829838225,-0.19287905012797768,0.23762884922365446,-0.6863654039859997,-0.09935183655464394,-0.9000811335709197,-0.9771475455162332,0.19496635356141712,-0.3377586926105146,-0.027830215369883976,0.16190088092366048,-0.25448580999165743,-0.9152394451902819,0.0650961497712688,-0.8616009451542046,-0.19021353077379585,-0.13379016014236364,-0.2708782217414349,-0.5679990911014775,-0.8904669550430534,-1.297283638536213,0.31917081260092417
0.17975553298712085,0.2872193977298951,-0.454125571485869,-0.38979715754937977,0.13285598687493358,-0.0041035414495090615,-0.30466804414801624,0.6329692289224716,-0.29137225863106964,-0.25418281776957996,-0.5072522810447048,0.18880605107972848,-0.26753831975733794,0.45194183655681786,-0.32174794253963174,-0.1948862349117152,0.013166200225061467,-0.18765475686367936,-0.13969137592938885,-0.5529535536292441,-0.46735865885818983,-0.11108060003493156,-0.24180847455284055,-1.3462619994369736,-0.47953934366148787,-0.7068546965559379,-0.2367072714312399,-0.25357628729468273,-0.019589642755735173,-0.2670016711053258,-0.625962708244289,-1.4934078559485466,-0.13277597907560096
-0.3399499868927747,-0.6770049300327208,0.7620605306441228,-0.8987761676065301,-1.4401987143339083,-0.5416304696897467,-0.2593663489095447,-0.17802621870640484,1.3734308687262666,0.4742448989572273,0.6226587341110438,0.490812328432839,-0.6556416229185349,-0.5258693693732491,-0.776837608817723,-0.48358048002156856,-0.7417333563653309,-1.6001860536196713,-0.23349735212742417,-0.2185850961287307,0.38349914226465437,-0.19796601221295973,-0.5360163594579129,-0.7526317875620795,-0.09751434079289005,-1.0144627553419592,0.1535499028614446,-0.7619305695112992,0.1952343042957862,-1.3142098128669657,-0.3129093733344421,-0.9893529957505466,-1.2426643859584683
-1.0350669794087834,0.110843363910249,-0.7170871458721527,0.7576092314526602,0.3199387522659204,-0.5857828568189583,-0.36139554163561194,-0.6588786824801032,-0.49342159566912475,0.5459439067793405,-0.46532724467126285,-1.1006779832587499,0.6451385475994003,-0.42281174341927685,0.13330330394106138,0.13455896972126416,-0.1627084242049409,-0.6154455018151469,0.12851190677780863,-0.107213804972682,-0.48760929368694583,-0.25329642957900567,-0.40177307617024327,-0.5390903308249911,-0.19613904886718958,-0.42692660661616816,0.5054163902966409,0.7667382727717961,-0.9369305055431231,0.4267796563035673,-1.2303711871959047,-0.2571224649532369,-0.8258181247489828
-0.4686044361905944,-0.5114367102763973,0.16367203506110362,0.07873701535377668,-0.31351520025364565,0.9951116570602374,0.11713222186152267,-0.46336085360963297,-0.5274938152918601,-0.2986186794945611,0.12714751328017154,-0.7333499518436957,-0.9277916438845327,-0.3763158444445452,-0.7798069792358573,-0.3118234502322237,-1.5287811208574928,-0.4138888794001564,-0.23770259713903005,0.9035992360776507,-1.1918783859476592,-1.0335820745510678,-0.8969909101221522,-1.027764567704485,-0.6278373910372679,-0.9689275929322582,-0.08507385817162161,-0.9440675124378552,0.34989576660337257,-0.19643814611940424,-0.925598353868731,-1.286736705920953,-1.4326920836427166
-0.43245213035543645,-0.6434203171487359,-0.47582656870270246,0.6622993448031481,-0.5885159535351197,-0.04137878858560629,-0.09163430890295121,-0.12435161902239926,-0.7992549792456125,-0.3578276650150462,-0.530802922818908,0.34351121039289895,1.305291203855513,-0.7287925137923027,0.6901536483099936,0.387904121620446,-0.6249442577422832,-0.9579870175940064,-0.08376142767306856,-1.1563527043319424,-0.743703653576501,-0.6840352986011342,-0.3308681795567073,-0.6547920035791691,-0.47532588012087645,-1.0778814565017731,0.2519521615385147,0.0089296011306532,-0.09515516610443599,-2.300551560151399,0.652753852336834,-0.8950890344201922,-1.0573553286374637
-0.2930824087203382,-0.7610648041570699,-0.08467135446498107,-0.9010980055530463,-0.6802951033810132,0.03268714518087716,-0.07139507180995781,0.35077373326478806,0.28209713948279713,-0.44903130075822384,-0.3084091151305273,-0.18098122201775022,-0.5518230253385872,0.70648661910177,-0.6331265112303032,-0.19060922661073224,0.10505788300215747,-1.0560158662759045,-0.5602734712616989,-0.4592211849657287,-0.3157117017860819,-0.7080684162337677,-0.44080990430680606,-0.4638499263441121,-0.4332245097711904,-0.49980318743189617,0.02142232979804956,-0.7969426778113121,-0.1312659889901766,-0.9481134371809447,-0.8372595834350437,-0.6125317119932597,-0.5195871389346713
-0.02210462607118657,-0.6328447008186817,-0.660452049082465,-0.1703709917197956,0.2615700984001668,-0.2049957657307274,-0.24160091872812114,0.14704079429586897,-0.29067831756895435,-0.2635969509921409,-0.4088071843051696,-0.2962528408523143,0.7214488994156791,-0.6358683758664032,0.17904855585165563,0.298645603925814,-1.0902852575288573,-0.007137087043245144,-0.5136314974897889,-0.9081749949353037,-0.46982142251170017,-0.2885456859515568,0.19962421434777308,-0.638044860127834,-1.4318276694005874,0.6892493501638514,-0.6695700665225531,-0.7383045642087701,-1.3262606614391392,-1.2442720933023124,-0.035914454102075034,-0.12981618281798268,-1.1907318937228493
-0.894364137423845,-0.687828697629464,0.060761060349012484,-0.4161142401956254,-0.09102743867120733,1.030970992902554,0.5085611427792096,0.385657906249117,-1.047711305891762,-0.4316288805992423,-0.038906536808342364,0.17861499430768185,-0.26617961368099746,-0.9066091402897654,-0.1711415051223901,0.2789405194003108,-0.7620076500082718,0.3089580370630746,-0.5493779392682769,0.5615716941927879,-1.1955450415470457,-0.14154022077688577,-0.24348278478143934,-1.3614328266179287,-0.8876607404064154,-1.0217465871804325,-0.3717852310604009,-0.5463935375778803,0.23714926141252868,-0.20555132361265754,-1.6621597046062773,-1.0073763601306926,-0.18262597482848797
0.054075849387712746,-0.4818485318254277,-0.6855475804497607,-0.5021113101785801,-0.8031129994794639,-0.1524403060298175,0.12792919855446047,0.8008117057379363,-0.2769287515825075,-0.15144987715548078,-0.4041554057120789,-0.2839345194962538,-0.5562182415472837,0.2350542826661393,-0.7627163062366403,0.14102423007605036,-0.10850194917858333,-0.7951326156535797,-1.010666342693879,-0.4959286933489046,0.19033386092234303,-0.026219605039655227,-0.2618263902796956,-0.7311408722723244,-0.28131732207285454,-0.34131827974957235,-0.563638622253582,-0.37306694693639875,-0.2486431957075188,-0.6712207448098424,-0.8581830030063343,-0.8766221059529049,-0.15259804248147138
-0.5703276406899763,-0.5392042600243143,-0.3903082586732769,-0.5903059515019823,-0.03197493486778153,-0.033194895193603476,-0.28074153344346797,0.3404199066099245,-0.1314620005616121,-0.5342788794442631,0.0909068681940279,0.12195099854053879,-0.643568849872404,-0.1065241674790867,0.1725376333252875,-0.2503728447003931,-0.23270585221612747,-0.30817238777570727,-0.19743203215763652,-7.232178892895816e-05,-0.23510463837393936,-0.4262268005209101,-0.04775848657269477,-0.5552432414744285,-0.3580445911439831,-0.4859009650608573,-0.25550787762578064,-0.1608877763936146,-0.08991514791258581,-1.1935563973518633,-0.5468689729581945,-1.0493861977532086,-0.9441291398816796
-0.23847541360937408,-0.5504062285876057,-0.4062183137084271,-0.5984588272436038,-0.6235903687971642,0.14938955567533393,0.15238490286743753,0.020591367748436906,-0.14476996027423955,-0.45192239969821124,-0.596010272601554,-0.0065808080181274375,-0.22285572398361161,0.12614667122713571,-0.03888034636434129,-0.05025675502559314,-0.29289343414222396,-0.29046214092151795,-0.44004293924580173,-0.5267285329700033,0.04454330449353306,-0.1704618435664484,-0.24992632024026976,-0.5390779575965812,-0.39784131069412504,-0.8323282842033904,0.17028053949855165,-0.5729275539992605,-0.7472741187828251,-0.8001363099410235,0.0605968272087854,-1.1943072946583617,-0.7672407448968793
-0.5586497361868021,-0.5212533260189658,0.06095833955499135,-0.07495727275897021,-0.49627357497413904,-0.17670378989665614,0.2557257079683191,-0.4391562426005469,-0.3069385716147408,0.0939134041109483,0.0032234565885508326,0.40692119336634747,-0.5050243000152993,-0.2527432334054627,-0.3996876183396238,0.07798318930989241,-0.4126848557238489,-0.3783112679646242,-0.6017356911731706,-0.635281762284902,-0.22866203462171078,-0.356528200924235,-0.20207814531686205,-0.6306716667738357,-0.6119132590076138,-0.02447986776516002,0.19152425747969173,-0.4316053090084285,-0.07540213354547158,-0.6249523583884985,-0.45696949133109377,-1.2251250391475494,-0.6296248616403464
0.5234416960392259,-0.4911838482705493,0.04990935233506828,-0.534781869111561,-0.3449741187710848,-0.4524831402674626,-0.3275326608395582,0.5528983010807187,0.26400325686411935,-0.3413282560984712,-0.024805946313531092,-0.47087561656994487,-0.3697027419622292,0.14902814527416308,-0.4088474387568021,0.40606683014132827,-0.3053608621081413,-0.5559580417744378,-0.8633053283657551,-0.029073402301405482,-0.24067584896225258,-1.0729935403034436,-0.6490378768974621,-1.1319966630430573,-0.869328945085411,0.46739072870517134,-0.006966394915810256,-0.8779281538849655,-0.7075589023546239,-0.6879936218616385,-1.0669828299835722,-0.3455089927866007,-1.0512963975566907
0.3390590589048479,-0.006033280502960304,-0.08921428073418429,-0.6432506069490272,-0.8078867279673819,-0.3692340919329821,-0.017323287310703275,0.037837848396484415,0.3196020273076576,0.23144633139489992,-0.8084509583904034,-0.42210126427142025,-0.6054530412874541,0.40082974896027257,-0.49862564281873706,-0.03140165022204016,-0.3230684511722052,-1.2270185094418427,-0.321273114120754,-0.2277252577729133,0.1668089601483291,-0.0658300415907641,-0.0761551281286957,-1.314931614840231,-0.6127240170833298,-1.0910809905696572,-0.06573783241767396,-0.6375916737601757,-0.16354990693945393,-0.7649905009639805,-0.5965495734225823,-0.6924071942348538,-0.036535631962883695
-0.17119172994046303,0.7408690944892992,-0.4426720879726563,-0.10771754963530929,0.35681310261119203,0.2834793252293438,-0.38688257203093473,0.24697428458837153,-0.0615558832594391,0.11983958175446538,-0.5279173722172463,-0.39072820800415686,-0.22588164903886054,-0.2618658878578811,0.27114308683907923,-0.3923106752137045,-0.4621818210405653,-0.751414748311523,-0.21326900223089712,0.18096426645852515,-0.36212430603710616,-0.1256328414835358,0.03385315467782237,-1.0001213825522899,-0.09115341757681032,0.030826150512731933,0.04847184726479221,0.24475572688507138,-0.18180539551993624,-0.31655263257789684,-0.623420187469605,-0.6179375779106964,-0.14921609698803792
0.12968266698309103,-0.22742690338631708,-0.12651087827409557,-0.28182004477050204,-0.8835981672502828,-0.1310494051245928,-0.3089212749018303,0.45621602113035814,-0.41601855583758285,-0.8315164824007947,-0.5003614561162212,-0.6173842202124842,-0.8613760037205197,-0.14678322308334638,-0.5933355151996302,0.5181442218672522,-0.06822660185658659,-0.5494180426821739,-0.6991234369966693,-0.02526063686327453,-0.41346503098863846,-0.40694445853740213,-0.5033854675206655,-0.7777193072384913,-0.6279915082780423,-0.114689359877209,-0.5321987134850027,-0.4670432479829656,-0.13545295655065917,-0.4763897681661087,-0.7965810757750663,-0.9364461952643264,-0.8801014250011692
-0.753054696007293,-0.40799000062707497,0.9263366470725077,-0.16783144599322544,-0.5466758708710149,0.26523017402917615,-0.1027527379335951,-0.12706232157586228,-0.3522008986186703,0.48864425457836097,1.008024853227611,0.6354050260454764,-0.37170711090546643,-0.9466530186490476,-0.8599662053261259,0.22287421499112356,-1.006210189330725,0.020055111825376986,-0.7996064212201202,-0.5977732297184052,0.021682650867713888,-0.8622091230250974,-0.16327000088890245,-0.8821288911235461,-0.7607221163023968,0.18789115525591354,0.22550060257286403,-0.7303058827016269,-0.9585024834379829,-0.3200036454220615,-1.1933459213913082,-0.8692923666522024,-0.4935240646273559
-0.7170971671042579,0.025832087004700244,-0.15401813989659172,-0.5299130350059282,0.14350799892102026,0.0011353645240520785,-0.40675647598978115,-0.4127856984836039,0.14232900373042034,-0.6227341031515279,0.21723920872091235,-0.10852738929344972,-0.07457312125942454,0.2585013565664209,-0.13540696539352384,-0.5141976563488146,-0.7395608621353066,-0.8605990923182941,-0.5637128855535254,-0.14535814236537473,-0.634621637490768,-0.7248596918819131,0.02510018123814073,-0.8483575405014282,-0.1880741612500159,-0.3931411902763203,0.13035764782053189,-0.4893823389203155,-0.28901532648971,-0.743692683445485,-0.28071042480669856,-0.39279045345763297,-0.4321224401905145
-0.583114568421066,0.1560730696814676,-0.08164568033079035,-0.06620935643902989,-0.5525986853754958,0.35629550112465036,-0.1693480032388532,0.271368495712315,-0.5447696054274904,-0.21052837692824636,-0.6347540435667384,0.2894788527015064,0.3080470043329772,-0.5458671009590537,0.4031501885201155,-0.49971648877427516,-0.34708202128402726,0.016102015042004914,-0.15330920160295305,-0.9036035101234904,-0.46413684185567416,-0.2672343538331793,-0.33960761184359817,-0.15575634745443895,-0.03537926291742363,-0.3063871579896711,0.13286901864893155,0.1137941796764467,-0.7378433357396093,-0.9664497016762549,-0.5604600762269226,-1.05605029432092,-0.15033291825570688
0.27806434013390313,-0.5902095788064915,-0.9031399254245885,-0.6366948332374053,-0.7732676588292781,-0.42709248711437103,-0.3427600176941985,0.1426937645982871,0.37932393186036506,-0.4170534153171406,-0.6119724981319202,-0.16319278468200368,-0.7547083897212242,0.729003126372631,-0.7614774235562315,-0.006149635225314306,0.01944420971616704,-1.0676078910445765,-0.3595865888136429,-0.6347363518963807,-0.2793324087666859,-0.875166082351275,-0.7527962462476465,-0.5969254739311634,-0.3820931482837614,-0.04169018390303657,-0.5901921873190966,-0.36160587989271226,-0.20190931749298574,-0.4121295309107384,-0.5845098665215869,-1.3191791577109127,-0.23610383168928448
0.1907387856873764,-0.3343982349217579,-0.2109023041185855,-0.5855438125699907,-0.24476822432536294,-0.06727089918663827,-0.6230970242029332,-0.3013592174834467,0.8817692655535423,-0.3680802434688173,0.4661906344896232,-0.5411242590538659,-0.3336035678175155,0.13877306036243411,-0.2283369745796736,-0.3305728198044289,-0.17599228769201053,-0.4400584222094273,-0.06709710474255831,-0.10431780686179125,0.06969864320495155,-0.933855525602081,-0.7630545459006859,-0.7914829161387342,-1.1477524898465516,0.29001953986896273,0.021176947474819036,-0.7310646200459676,-0.40505671571231483,-0.9867670239426941,-0.841015968372992,-0.8947222240514829,-1.1383127118422058
0.19928123346299167,-0.987085224919966,-0.5398194293206127,-0.5944653510707677,-0.2597620547552114,0.06455393648269904,-0.4297997224416382,0.5490494674982495,-0.6488183465323772,-0.5447094755318178,0.22691505920286703,-0.5624701663597631,-0.4996720611850179,0.12415358868851283,-0.8549254796664737,-0.24857156830045704,-0.24053843506349906,-0.40366962757237124,-0.8579548693777003,0.5453591787053199,-0.24226854402781053,-0.4897263959359452,-0.622114587198877,-1.1359659136337563,-0.42509407569549046,-0.775581135614569,-0.07620140499930599,-0.8527037955400342,0.25817052710435073,-0.13024624822587905,-1.2123170904004819,-1.5794914569745033,-0.4078920301880125
-0.42483712331411716,-0.8648703414016418,0.13851746467761727,-0.05621321817695297,-0.307306309773828,-0.33638172141039147,-0.45269567219064594,-0.3548735881867172,-0.3529683037701549,0.19647117624062527,-0.4137806490893288,-0.08359563171849758,-0.32563706543314225,-0.14607764643504506,-0.27767141809975154,0.041562550324530344,-0.6923433744969992,-0.5074706169407807,-0.7600495149572162,-0.6446469349459681,-0.556711908657868,-0.4245622392619624,-0.321898311413755,-0.734958284596828,-0.5019250081707781,-0.7535786247609005,0.03336470377686122,-0.7732083881301174,-0.3205996731009517,-1.178709609190074,0.15377876180086855,-0.4014693652789984,-0.9247150703805098
-0.6203130361974369,-0.9426104221142694,-0.45866276909826853,-0.4202008187355734,-0.16662587536195322,0.12846308967455006,0.1063045282081663,0.4481605776071378,-0.4754782205715449,-0.5056969529969414,-0.6165103947829016,-0.11059008443621002,-0.33559085624199997,-0.09148259384034037,-0.3554110636364195,-0.3962181877042065,-0.4153565537936294,-0.312041544285703,-0.8310157597815844,0.19986869502784108,-0.43283049738294554,-0.018191732680929176,-0.18976104241464126,-0.9427318971220507,-0.8587018744474639,-0.5484655076756924,-0.6825181952064568,-0.5275979703606846,-0.4647791905620018,-0.5130856564039619,-0.06471146659319925,-0.6298169293797231,-0.8659862110049487
-0.803586108699894,-0.19274016177363187,0.25402227424107965,-0.2482718311021588,0.08528567335258654,-0.2845939075174384,0.35237937036029093,-0.514947946340972,-0.6066389188621347,0.43712482703823957,0.3653321767383231,0.5027482132175015,-0.8642582079417874,-1.038111145977852,-0.30533097617628807,-0.3277436024395632,-1.0913444624055402,0.013326021736002044,-0.2126853378521558,-0.5724736607416377,-0.26597091126978156,-0.14972996361753096,-0.26881274534689414,-0.7789576852207061,-0.4720355942082536,-0.48387165498821894,-0.340571166652553,-0.710741067522922,-0.6485327350821837,-0.008177886124503306,-1.3871345324625495,-1.6657213302503697,0.4276242705776051
-0.7372292641596273,-1.0715226395823811,-0.18548407402834005,0.44607473074857296,-0.5247523459582835,-0.496466025999189,-0.6772072627481842,-0.4322903815632661,-0.6437938297270837,-0.2476682858817191,-0.4955388222530481,-0.0012954225426267292,0.22324069570480845,-0.2681075789111839,-0.44120352282514447,-0.18091350839118617,-0.46358630058553485,-0.2330343325818354,-0.7786524735818015,-0.5718127639712881,0.03216380703678531,-0.24501804328443644,-0.35726278000430706,-0.9264828484006129,-0.4567369728444016,-0.4679855610565184,0.015225073545798364,-0.26058463888043176,-0.14474530458364054,-1.549329906328911,0.034330181636777944,-0.8062075256395649,-0.5478410833034195
-0.5009873517824611,0.5964560240803194,-0.6619813992983047,-0.311260335528792,-0.39525684395972344,-0.3212749380964795,-0.15846596977047245,-0.19993278652932983,-0.2575493466693929,-0.06114018051661974,-0.5178478185262672,0.2360439262195312,0.32833397855603125,0.12545189535132564,0.07051565040460264,-0.30912015190677,-0.039833298587116914,-0.30476859960305036,0.22629022952168906,-0.9376976295452405,-0.15145589742343085,0.28026949929123457,-0.17422531562002286,-0.9137788737508181,-0.8936705125824949,0.26527200779593624,-0.46854394692949974,-0.3352075285240263,-1.0158845165019939,0.13880731628066456,-0.2185702359269114,-0.9291578625476289,0.3532377497333706
-1.0162975933170908,-1.2661804092298075,0.25110715209229045,0.8988847187785749,-0.3124397457230019,0.23318707445436604,-0.19215296082881728,-0.23972453368411922,-0.786045686353487,0.10081300345074415,-0.03139647740934277,-0.0703359419931906,-0.048643077632973514,-0.38174980670235104,-0.902648896398062,0.3522135119512424,-0.535747788179926,0.0728791014127395,-0.9749879015061379,0.04591994398957334,-1.0783398510524562,-0.14624345819165863,-1.023690608465272,-1.5770701232706008,-0.34025061033504533,-1.2965142228165025,-0.5492648035795976,-0.7910753015252673,0.05903217893398782,-1.4839389570042258,-0.539093355791164,-0.3228108569303744,-1.2374941709349223
-0.09567330826960563,-0.8468458329156753,-0.6556284209369297,-0.5691340017455311,-0.13679876348522274,0.309495836337915,0.19047541485178,0.515034173517976,-0.0065172570146718005,-0.7103466874467219,-0.32878340612464574,-0.5228884396227876,-0.6613554085112491,0.3845747220866221,-0.3605308074667484,0.05162979220362153,-0.3056700174249778,-0.6042922880788255,-0.8263758328802416,0.2335896392361917,-0.15741374371925748,-0.7854408311731053,-0.40449134342482257,-0.6371893988345979,-0.880050925337275,0.058956064327750475,-0.13734485623211926,-0.4846419978493701,-0.5943748970650736,-0.5437784466001571,-0.8385681288527926,-0.8088821776051484,-1.1713263345084954
-0.37001721266705756,-0.9780951255915598,-0.3195344752732035,-0.4740285900371152,-0.5893935446241402,0.0499288590017492,-0.5977599826724743,0.5210941038504459,-0.41573484887029605,-0.6308575006652847,1.1141229644535255,-0.552853654553205,0.20837591266762542,-0.2725434005373407,-0.5135308704713679,0.3652199189654886,-1.1976736547290274,0.5340364969995318,-1.279171601261745,-0.0737353204420672,0.20744631219730694,-1.1463163379942316,0.3618354915756542,-0.3846438728938149,-1.0710597685812893,1.7183720725145986,-0.4798089893129714,-1.4330727580372784,-1.8976989428504747,-0.8340442826164586,-1.873830919132714,0.1535579509210086,-2.1418002589305423
-0.6995212525250362,-1.0902743963468364,0.5189151879963578,-0.28558705352149333,-0.0488854303173878,0.2164656097401463,-0.056328612573650454,-0.4593228604852325,-0.5225327803261893,0.9754506314059846,0.8379682016506705,0.5254403503865871,-0.1216680595510895,-0.14225627119350298,-0.25355599759595376,0.3247886703533236,-1.2062465910893345,0.09277962355024778,-0.36753324966882955,-0.7909161575604402,-0.5420913770881721,-0.797402308223594,-0.4400415283319327,-1.2488824612388256,-0.96748370729533,-0.3543710519629511,-0.046415303931154395,-0.5797336551248088,-0.5421239521080566,-0.7680300690304782,-0.26371109898847495,-0.6329484524510868,-0.7759298298575137
-0.4878630636044187,-0.498405005602099,-0.4852422974736917,-0.053058294461108275,0.10682066125607627,0.29340912915999323,-0.020075373152120293,0.1680170940216288,-0.049869429658458905,-0.6973351794437986,0.2002960355612642,-0.06611020818803504,-0.643509289025732,0.020844622472371645,0.25107385042191166,0.0036998126080791025,-0.59419951319715,-0.31256720202488775,-0.5162216071925222,0.17175597493352443,-0.3753528538577038,-0.6039722320526999,-0.39486401877778343,-1.1799149434039102,-0.6432290499829045,-0.8183383980615144,-0.35617008350515156,-0.18687616081186978,0.11523895325256582,-1.1702985737537586,-0.3786650260866044,-0.7718507558282842,-0.7214448946415726
-2.6359971843285774,2.675543546588247,-3.333840187033169,0.6597592228432744,1.1554234661398293,-1.1882261572270423,-1.4746501637297573,-1.0490659725495055,-1.4956406998263534,1.2775722476878093,0.5370549410502514,-0.6230171965618884,1.5181322465029194,-2.2524780143816536,1.8807380469778043,-0.5592644005090943,-1.268688899113035,-1.2425899285329745,-0.12628820831210083,-1.5679272355083564,-0.9239496463821982,1.0139353458481686,-0.34117227553107243,-1.3331582725944267,-0.9118740766786888,-2.3819765690603414,-0.24715153469408144,-0.0016331496356442451,0.7887876112643437,1.2981026531100768,-3.1375606851709685,0.8133702143374087,-3.145091874948576
-0.6942582584663837,-0.7740454290302144,0.0939617186060566,-0.9246986401968144,-0.6792907512306903,-0.3445770170192353,-0.4848433948241675,0.2310882543849782,0.6648513147404598,0.03026629723534664,0.35520806330414784,0.14996244301549713,-0.23921586874767434,-0.5668770897617653,-0.6531284883250775,0.3449295998610696,-0.8576424600125004,-0.7762436239836527,-0.1099851879743308,-0.5383885955926999,-0.03742297547774404,-0.7172691695542672,-0.36520683503745976,-1.0794272181361322,-0.22018942844713096,-0.8741077652527006,0.21208639729146522,-0.67713182677661,-0.24985832119324208,-0.8324331299642439,-0.005092655207796927,-0.5309859663905481,-0.537324176504204
0.554817476011932,-0.5423916555170041,-0.7591471884260061,-0.5652708482029714,-0.6445329899224241,-0.1811508881958163,-0.4194210912337701,-0.34237464781048704,-0.13108671543229503,0.09462987634124292,0.2393387250739237,0.10300512611231598,-0.6929621641172737,0.8782255144178017,-0.16390326411129005,0.4082422953422448,0.4610003507211425,-1.001261882058313,-0.8618745565774959,-0.42367088895450367,0.2505744945935105,-0.9905128141585063,-0.9267881058012617,-1.2076005530299478,-0.7709336597896885,0.08312757378856185,-0.2130019098423244,-0.197230562860986,-0.5546080156069745,-0.25764909162496136,-1.0086363816764972,-1.3900967252809207,-0.4285139558139444
-0.01517313928752154,-0.3747637840493651,-0.7332222052848139,-0.44125445873426405,-0.2583116432650758,-0.6367012575852844,0.7895459168333849,0.03274183175744363,-0.10793526905281096,-0.19819742509679827,-0.3127880730784373,-0.13830586418399266,0.12495779307573732,0.7040616855463839,-0.13007450690261868,-0.3013627116429419,-0.2377330826082148,-0.9923278136173443,-0.8956651210706792,-0.3367870990992752,-0.14337645010773512,-0.01477590600171419,-0.432650847762591,-0.8552764830956565,-0.1417747971554702,-1.0365502794628216,0.0005703730775588671,-0.7363171884609069,0.18978181131114966,-0.5504634111923199,-0.4227964002865167,-1.4001898023473505,-0.0721919000422045
-0.11925573173676916,-0.9862727382488718,-0.29021310467080497,-0.0001864845316294488,-0.7851515702542543,-0.8925787916581672,0.005906563129012339,0.19213917991547338,-0.18188520663838162,-0.33240579146290794,-0.5439920453114059,0.12008703064469776,0.040896455143041244,-0.03573994876378777,-0.5022200693867935,-0.2628082293977315,-0.03375741015191038,-0.4347391856232961,-0.9891033997658124,-0.8604583876300631,0.1727916179594145,-0.2683976219682834,-0.5542207124317071,-0.6027065474684397,-0.9185152273302442,0.06917609801236255,-0.18624143329494403,-0.7926173500322402,-0.7023108430110434,-0.9280089029027611,-0.23867707972195806,-1.0678394666373066,-0.8647138059496701
-0.8390018407769078,0.07395705064167568,-0.7883435933215944,-0.1029523508447,-0.22677101685543186,0.21971215240134268,0.05865214001782846,0.24966389603146963,-0.4059857923862571,-0.00013211544892858217,-0.6888342325901927,0.10833305371695959,0.12125364200456054,-0.3931113045189166,0.1920521983298359,0.29525323688264643,-0.4181760923828312,-0.031210961379046585,-0.24744664040125078,-0.3427723385619594,-0.7230235314273418,-0.17430681169978773,-0.39489401327601364,-0.49483332578316047,-0.028789482101408064,-0.7728168669046315,0.1671639829917956,-0.07118784340646281,-0.6269385365118196,-0.017716916200927045,-0.2119762135706565,-1.2467782752730385,0.08814129886357086
-0.6547461381965807,-0.39247904588516547,-0.3046434064642588,-0.4924202621141618,-0.44884029236202005,0.3650681372489513,0.1296229622770982,0.06795667289531374,-0.33646520256563345,-0.847723951668425,0.5032998475398092,-0.36238772343951353,-0.4726173433693805,-0.3931881084100372,-0.695175757149332,0.16818614308952534,-0.4918119643564049,0.30251456626219836,-0.40250409317960123,0.29101556813444557,-0.7744503248635942,-0.6623564828917017,-0.7050806058823774,-1.0826410913148423,-0.485774621630276,-0.18466742409090736,-0.35873094039245906,-0.5396355686108155,-0.28176005935770476,-0.9802786492310273,-1.1986913453765549,-0.15866369916569162,-1.1107294641069165
0.027521024931107196,-1.158318282458521,-0.42986312098942264,0.051682402460057134,-0.749000669864985,-0.1826083820060528,0.24063047572025087,0.7665012568152827,-0.3283668459828646,0.27128350209923924,-0.377178652900156,-0.1417276102137802,-0.6087562274312008,-0.5107035115875231,-0.2007246703815695,0.4775896044918423,-0.7672096658094287,0.2222353340164098,-0.9996073361336308,-0.44891468740765567,-0.5442680134568529,-0.17858733688183442,-0.7680887772334709,-0.9389787884813042,-0.6954606939046195,0.14863039074049567,-0.42921798749364204,-0.2401954543106622,-0.7234187190235192,-1.1311810906636783,-0.6270326727315607,-0.8618373794348535,-1.618399616249944
